[{"pk": 1, "model": "seals.region", "fields": {"name_fil": "", "date_created": "2014-05-22T02:48:56.428Z", "name": "Region 1", "svg": ""}}, {"pk": 2, "model": "seals.region", "fields": {"name_fil": "", "date_created": "2014-05-22T02:48:56.886Z", "name": "Region 2", "svg": ""}}, {"pk": 3, "model": "seals.region", "fields": {"name_fil": "", "date_created": "2014-05-22T02:48:57.094Z", "name": "Region 3", "svg": ""}}, {"pk": 4, "model": "seals.region", "fields": {"name_fil": "", "date_created": "2014-05-22T02:48:57.190Z", "name": "Region 4A", "svg": ""}}, {"pk": 5, "model": "seals.region", "fields": {"name_fil": "", "date_created": "2014-05-22T02:48:57.587Z", "name": "Region 4B", "svg": ""}}, {"pk": 6, "model": "seals.region", "fields": {"name_fil": "", "date_created": "2014-05-22T02:48:57.872Z", "name": "Region 5", "svg": ""}}, {"pk": 7, "model": "seals.region", "fields": {"name_fil": "", "date_created": "2014-05-22T02:48:58.109Z", "name": "Region 6", "svg": ""}}, {"pk": 8, "model": "seals.region", "fields": {"name_fil": "", "date_created": "2014-05-22T02:48:58.494Z", "name": "Region 7", "svg": ""}}, {"pk": 9, "model": "seals.region", "fields": {"name_fil": "", "date_created": "2014-05-22T02:48:58.755Z", "name": "Region 8", "svg": ""}}, {"pk": 10, "model": "seals.region", "fields": {"name_fil": "", "date_created": "2014-05-22T02:48:59.012Z", "name": "Region 9", "svg": ""}}, {"pk": 11, "model": "seals.region", "fields": {"name_fil": "", "date_created": "2014-05-22T02:48:59.298Z", "name": "Region 10", "svg": ""}}, {"pk": 12, "model": "seals.region", "fields": {"name_fil": "", "date_created": "2014-05-22T02:48:59.502Z", "name": "Region 11", "svg": ""}}, {"pk": 13, "model": "seals.region", "fields": {"name_fil": "", "date_created": "2014-05-22T02:48:59.888Z", "name": "Region 12", "svg": ""}}, {"pk": 14, "model": "seals.region", "fields": {"name_fil": "", "date_created": "2014-05-22T02:49:00.107Z", "name": "Region 13", "svg": ""}}, {"pk": 15, "model": "seals.region", "fields": {"name_fil": "", "date_created": "2014-05-22T02:49:00.581Z", "name": "NCR", "svg": ""}}, {"pk": 16, "model": "seals.region", "fields": {"name_fil": "", "date_created": "2014-05-22T02:49:00.790Z", "name": "CAR", "svg": "219.5,69 208.5,75 206.5,82 205.5,88 202.5,93 200.5,98 200.5,103 195.5,106 193.5,108 201.5,116 201.5,122 199.5,129 197.5,134 199.5,138 203.5,140 206.5,140 211.5,140 216.5,140 219.5,137 224.5,127 224.5,121 222.5,87 221.5,74 222.5,72 221.5,69"}}, {"pk": 17, "model": "seals.region", "fields": {"name_fil": "", "date_created": "2014-05-22T02:49:01.100Z", "name": "ARMM", "svg": "210.5,585 283.5,597 251.5,677 161.5,685 136.5,647 179.5,600 271.5,589 265.5,592 272.5,594"}}, {"pk": 1, "model": "seals.province", "fields": {"name_fil": "", "region": 17, "name": "Basilan", "date_created": "2014-05-22T02:49:01.246Z"}}, {"pk": 2, "model": "seals.province", "fields": {"name_fil": "", "region": 17, "name": "Lanao del Sur", "date_created": "2014-05-22T02:49:01.360Z"}}, {"pk": 3, "model": "seals.province", "fields": {"name_fil": "", "region": 17, "name": "Maguindanao", "date_created": "2014-05-22T02:49:01.498Z"}}, {"pk": 4, "model": "seals.province", "fields": {"name_fil": "", "region": 17, "name": "Sulu", "date_created": "2014-05-22T02:49:01.841Z"}}, {"pk": 5, "model": "seals.province", "fields": {"name_fil": "", "region": 17, "name": "Tawi Tawi", "date_created": "2014-05-22T02:49:02.215Z"}}, {"pk": 6, "model": "seals.province", "fields": {"name_fil": "", "region": 16, "name": "Abra", "date_created": "2014-05-22T02:49:02.577Z"}}, {"pk": 7, "model": "seals.province", "fields": {"name_fil": "", "region": 16, "name": "Apayao", "date_created": "2014-05-22T02:49:02.876Z"}}, {"pk": 8, "model": "seals.province", "fields": {"name_fil": "", "region": 16, "name": "Benguet", "date_created": "2014-05-22T02:49:03.128Z"}}, {"pk": 9, "model": "seals.province", "fields": {"name_fil": "", "region": 16, "name": "Ifugao", "date_created": "2014-05-22T02:49:03.480Z"}}, {"pk": 10, "model": "seals.province", "fields": {"name_fil": "", "region": 16, "name": "Kalinga", "date_created": "2014-05-22T02:49:03.780Z"}}, {"pk": 11, "model": "seals.province", "fields": {"name_fil": "", "region": 16, "name": "Mountain Province", "date_created": "2014-05-22T02:49:03.926Z"}}, {"pk": 12, "model": "seals.province", "fields": {"name_fil": "", "region": 15, "name": "Makati", "date_created": "2014-05-22T02:49:04.321Z"}}, {"pk": 13, "model": "seals.province", "fields": {"name_fil": "", "region": 1, "name": "Ilocos Sur", "date_created": "2014-05-22T02:49:04.535Z"}}, {"pk": 14, "model": "seals.province", "fields": {"name_fil": "", "region": 1, "name": "Ilocos Norte", "date_created": "2014-05-22T02:49:04.767Z"}}, {"pk": 15, "model": "seals.province", "fields": {"name_fil": "", "region": 1, "name": "Pangasinan", "date_created": "2014-05-22T02:49:04.942Z"}}, {"pk": 16, "model": "seals.province", "fields": {"name_fil": "", "region": 1, "name": "La Union", "date_created": "2014-05-22T02:49:05.281Z"}}, {"pk": 1, "model": "seals.lgu", "fields": {"province": 14, "description": "", "image": "images/seals/no-img.jpg", "location": null, "name": "Bangui", "image_thumbnail": "images/seals/thumbnail/no-img.jpg", "date_created": "2014-05-22T02:49:05.639Z", "name_fil": "", "description_fil": ""}}, {"pk": 2, "model": "seals.lgu", "fields": {"province": 14, "description": "", "image": "images/seals/no-img.jpg", "location": null, "name": "Currimao", "image_thumbnail": "images/seals/thumbnail/no-img.jpg", "date_created": "2014-05-22T02:49:05.932Z", "name_fil": "", "description_fil": ""}}, {"pk": 3, "model": "seals.lgu", "fields": {"province": 14, "description": "", "image": "images/seals/no-img.jpg", "location": null, "name": "Dingras", "image_thumbnail": "images/seals/thumbnail/no-img.jpg", "date_created": "2014-05-22T02:49:06.203Z", "name_fil": "", "description_fil": ""}}, {"pk": 4, "model": "seals.lgu", "fields": {"province": 14, "description": "", "image": "images/seals/Paoay_ilocos_norte_1.png", "location": "18.05,120.51666669999997", "name": "Paoay", "image_thumbnail": "images/seals/thumbnail/no-img.jpg", "date_created": "2014-05-22T02:49:06.580Z", "name_fil": "", "description_fil": ""}}, {"pk": 5, "model": "seals.lgu", "fields": {"province": 14, "description": "", "image": "images/seals/no-img.jpg", "location": null, "name": "Pasuquin", "image_thumbnail": "images/seals/thumbnail/no-img.jpg", "date_created": "2014-05-22T02:49:06.821Z", "name_fil": "", "description_fil": ""}}, {"pk": 6, "model": "seals.lgu", "fields": {"province": 14, "description": "", "image": "images/seals/no-img.jpg", "location": null, "name": "Piddig", "image_thumbnail": "images/seals/thumbnail/no-img.jpg", "date_created": "2014-05-22T02:49:07.123Z", "name_fil": "", "description_fil": ""}}, {"pk": 7, "model": "seals.lgu", "fields": {"province": 14, "description": "", "image": "images/seals/no-img.jpg", "location": null, "name": "Pinli", "image_thumbnail": "images/seals/thumbnail/no-img.jpg", "date_created": "2014-05-22T02:49:07.489Z", "name_fil": "", "description_fil": ""}}, {"pk": 1, "model": "seals.sealproperty", "fields": {"description_fil": "", "svg": "163.5,245 164.5,248 334.5,248 339.5,247 338.5,257 279.5,328 275.5,329 260.5,321 247.5,322 239.5,323 223.5,329 164.5,258", "description": "One of the famous spots in the municipality", "date_created": "2014-05-22T06:36:08.919Z", "seal": 4, "name_fil": "Lawa ng Paoay", "name": "PAOAY LAKE"}}]